<keymap version="1" name="Visual Studio copy" parent="Visual Studio">
  <action id="ActivateRunToolWindow">
    <keyboard-shortcut first-keystroke="alt 4" />
    <keyboard-shortcut first-keystroke="shift ctrl r" />
  </action>
  <action id="CloseActiveTab" />
  <action id="CloseAllEditorsButActive">
    <keyboard-shortcut first-keystroke="shift ctrl f4" />
  </action>
  <action id="CollapseAllRegions">
    <keyboard-shortcut first-keystroke="ctrl m" second-keystroke="ctrl o" />
  </action>
  <action id="CompileDirty">
    <keyboard-shortcut first-keystroke="f7" />
    <keyboard-shortcut first-keystroke="shift ctrl b" />
  </action>
  <action id="EditorScrollToCenter" />
  <action id="ExpandAllRegions">
    <keyboard-shortcut first-keystroke="shift ctrl add" />
    <keyboard-shortcut first-keystroke="shift ctrl equals" />
    <keyboard-shortcut first-keystroke="ctrl m" second-keystroke="ctrl m" />
  </action>
  <action id="Refactorings.QuickListPopupAction" />
  <action id="ScrollTreeToCenter" />
  <action id="SurroundWith">
    <keyboard-shortcut first-keystroke="ctrl k" second-keystroke="ctrl s" />
  </action>
  <action id="ToggleBookmark4" />
  <action id="Vcs.ShowMessageHistory" />
</keymap>